URL,Last crawled
https://myimageupscaler.com/es/scale/upscale-to-hd,2026-08-08
https://myimageupscaler.com/ja/free/free-image-enhancer,2026-08-08
https://myimageupscaler.com/de/free/free-image-enhancer,2026-08-08
https://myimageupscaler.com/es/free/free-image-enhancer,2026-08-08
https://myimageupscaler.com/pt/tools,2026-08-07
https://myimageupscaler.com/pt/free/free-image-enhancer,2026-08-07
https://myimageupscaler.com/fr/scale/ai-upscaler-4x,2026-08-07
https://myimageupscaler.com/it/scale/ai-upscaler-4x,2026-08-07
https://myimageupscaler.com/de/scale/ai-upscaler-4x,2026-08-07
https://myimageupscaler.com/ja/scale/ai-upscaler-4x,2026-08-07
https://myimageupscaler.com/it/scale/upscale-to-8k,2026-08-07
https://myimageupscaler.com/fr/format-scale/tiff-upscale-4x,2026-08-07
https://myimageupscaler.com/ja/scale/upscale-to-8k,2026-08-07
https://myimageupscaler.com/de/format-scale/tiff-upscale-8x,2026-08-07
https://myimageupscaler.com/de/format-scale/tiff-upscale-4x,2026-08-07
https://myimageupscaler.com/es/format-scale/tiff-upscale-4x,2026-08-07
https://myimageupscaler.com/fr/format-scale/tiff-upscale-8x,2026-08-07
https://myimageupscaler.com/de/scale/2k-upscaler,2026-08-07
https://myimageupscaler.com/ja/scale/2k-upscaler,2026-08-07
https://myimageupscaler.com/it/format-scale/tiff-upscale-4x,2026-08-07
https://myimageupscaler.com/pt/scale/2k-upscaler,2026-08-07
https://myimageupscaler.com/it/scale/2k-upscaler,2026-08-07
https://myimageupscaler.com/es/scale/2k-upscaler,2026-08-07
https://myimageupscaler.com/fr/tools,2026-08-06
https://myimageupscaler.com/es/tools,2026-08-06
https://myimageupscaler.com/ja/tools,2026-08-06
https://myimageupscaler.com/fr/about,2026-08-05
https://myimageupscaler.com/es/about,2026-08-05
https://myimageupscaler.com/pt/about,2026-08-05
https://myimageupscaler.com/de/use-cases/anime-image-upscaler,2026-08-05
https://myimageupscaler.com/es/scale/ai-upscaler-4x,2026-08-04
https://myimageupscaler.com/it/scale/4k-image-upscaler,2026-08-04
https://myimageupscaler.com/pt/scale/4k-image-upscaler,2026-08-04
https://myimageupscaler.com/de/scale/4k-image-upscaler,2026-08-04
https://myimageupscaler.com/fr/scale/4k-image-upscaler,2026-08-04
https://myimageupscaler.com/es/scale/4k-image-upscaler,2026-08-04
https://myimageupscaler.com/de/format-scale/avif-upscale-16x,2026-08-03
https://myimageupscaler.com/ja/scale/ai-upscaler-2x,2026-08-03
https://myimageupscaler.com/fr/format-scale/raw-upscale-16x,2026-08-02
https://myimageupscaler.com/it/format-scale/raw-upscale-16x,2026-08-02
https://myimageupscaler.com/pt/format-scale/raw-upscale-16x,2026-08-02
https://myimageupscaler.com/de/format-scale/raw-upscale-16x,2026-08-02
https://myimageupscaler.com/it/tools,2026-08-02
https://myimageupscaler.com/de/scale/image-upscaler-8k,2026-08-02
https://myimageupscaler.com/pt/scale/upscale-to-8k,2026-08-02
https://myimageupscaler.com/de/scale/ai-upscaler-2x,2026-08-01
https://myimageupscaler.com/ja/scale/image-upscaler-8k,2026-07-31
https://myimageupscaler.com/es/scale/image-upscaler-8k,2026-07-31
https://myimageupscaler.com/de/format-scale/png-upscale-8x,2026-07-31
https://myimageupscaler.com/it/formats/upscale-raw-images,2026-07-31
https://myimageupscaler.com/fr/format-scale/jpeg-upscale-16x,2026-07-31
https://myimageupscaler.com/pt/scale/image-upscaler-8k,2026-07-31
https://myimageupscaler.com/it/scale/image-upscaler-8k,2026-07-30
https://myimageupscaler.com/pt/scale/upscale-16x,2026-07-30
https://myimageupscaler.com/es/scale/upscale-16x,2026-07-30
https://myimageupscaler.com/it/scale/upscale-16x,2026-07-30
https://myimageupscaler.com/fr/scale/upscale-16x,2026-07-30
https://myimageupscaler.com/ja/scale/upscale-16x,2026-07-30
https://myimageupscaler.com/fr/scale/image-upscaler-8k,2026-07-30
https://myimageupscaler.com/de/scale/upscale-to-8k,2026-07-29
https://myimageupscaler.com/fr/format-scale/png-upscale-4x,2026-07-28
https://myimageupscaler.com/pt/format-scale/raw-upscale-2x,2026-07-28
https://myimageupscaler.com/ja/scale/4k-image-upscaler,2026-07-28
https://myimageupscaler.com/es/scale/upscale-to-8k,2026-07-27
https://myimageupscaler.com/it/free/free-image-upscaler,2026-07-27
https://myimageupscaler.com/de/free/free-image-upscaler,2026-07-27
https://myimageupscaler.com/es/platform-format/lightroom-upscaler-avif,2026-07-27
https://myimageupscaler.com/pt/format-scale/avif-upscale-2x,2026-07-27
https://myimageupscaler.com/fr/scale/upscale-to-8k,2026-07-26
https://myimageupscaler.com/fr/scale/2k-upscaler,2026-07-26
https://myimageupscaler.com/pt/platform-format/canva-upscaler-avif,2026-07-26
https://myimageupscaler.com/pt/scale/ai-upscaler-4x,2026-07-26
https://myimageupscaler.com/it/about,2026-07-25
https://myimageupscaler.com/es/platform-format/canva-upscaler-avif,2026-07-24
https://myimageupscaler.com/es/format-scale/bmp-upscale-4x,2026-07-23
https://myimageupscaler.com/es/format-scale/avif-upscale-16x,2026-07-23
https://myimageupscaler.com/de/free/free-photo-enhancer,2026-07-23
https://myimageupscaler.com/de/about,2026-07-23
https://myimageupscaler.com/fr/free/free-photo-enhancer,2026-07-23
https://myimageupscaler.com/es/free/free-photo-enhancer,2026-07-23
https://myimageupscaler.com/it/free/free-photo-enhancer,2026-07-23
https://myimageupscaler.com/es/guides/heic-format-guide,2026-07-23
https://myimageupscaler.com/de/scale/upscale-to-4k,2026-07-22
https://myimageupscaler.com/pt/free/free-photo-enhancer,2026-07-22
https://myimageupscaler.com/fr/scale/ai-upscaler-2x,2026-07-22
https://myimageupscaler.com/fr/guides/heic-format-guide,2026-07-22
https://myimageupscaler.com/it/scale/ai-upscaler-2x,2026-07-21
https://myimageupscaler.com/es/free/free-image-upscaler,2026-07-21
https://myimageupscaler.com/pt/free/free-image-upscaler,2026-07-21
https://myimageupscaler.com/fr/format-scale/avif-upscale-16x,2026-07-21
https://myimageupscaler.com/de/format-scale/jpeg-upscale-2x,2026-07-21
https://myimageupscaler.com/es/format-scale/jpeg-upscale-2x,2026-07-20
https://myimageupscaler.com/it/format-scale/avif-upscale-16x,2026-07-20
https://myimageupscaler.com/it/scale/resolution-enhancer,2026-07-19
https://myimageupscaler.com/fr/scale/resolution-enhancer,2026-07-19
https://myimageupscaler.com/it/free/free-image-enhancer,2026-07-19
https://myimageupscaler.com/de/format-scale/avif-upscale-8x,2026-07-19
https://myimageupscaler.com/it/format-scale/avif-upscale-8x,2026-07-19
https://myimageupscaler.com/pt/format-scale/jpeg-upscale-16x,2026-07-19
https://myimageupscaler.com/de/format-scale/raw-upscale-4x,2026-07-19
https://myimageupscaler.com/fr/format-scale/raw-upscale-4x,2026-07-19
https://myimageupscaler.com/pt/scale/photo-enhancer-hd,2026-07-18
https://myimageupscaler.com/es/format-scale/avif-upscale-8x,2026-07-17
https://myimageupscaler.com/de/format-scale/png-upscale-4x,2026-07-17
https://myimageupscaler.com/es/format-scale/png-upscale-4x,2026-07-16
https://myimageupscaler.com/ja/scale/resolution-enhancer,2026-07-16
https://myimageupscaler.com/es/guides/how-to-upscale-images,2026-07-16
https://myimageupscaler.com/fr/format-scale/avif-upscale-8x,2026-07-16
https://myimageupscaler.com/es/platform-format/lightroom-upscaler-raw,2026-07-12
https://myimageupscaler.com/es/format-scale/jpeg-upscale-16x,2026-07-12
https://myimageupscaler.com/de/platform-format/photoshop-upscaler-avif,2026-07-11
https://myimageupscaler.com/de/platform-format/lightroom-upscaler-raw,2026-07-11
https://myimageupscaler.com/pt/guides/tiff-format-guide,2026-07-09
https://myimageupscaler.com/es/guides/tiff-format-guide,2026-07-08
https://myimageupscaler.com/ja/guides/tiff-format-guide,2026-07-08
https://myimageupscaler.com/fr/guides/tiff-format-guide,2026-07-08
https://myimageupscaler.com/fr/scale/photo-enhancer-hd,2026-07-08
https://myimageupscaler.com/de/scale/photo-enhancer-hd,2026-07-08
https://myimageupscaler.com/es/scale/photo-enhancer-hd,2026-07-07
https://myimageupscaler.com/it/scale/photo-enhancer-hd,2026-07-07
https://myimageupscaler.com/ja/scale/photo-enhancer-hd,2026-07-06
https://myimageupscaler.com/fr/format-scale/webp-upscale-8x,2026-07-06
https://myimageupscaler.com/de/format-scale/webp-upscale-8x,2026-07-06
https://myimageupscaler.com/it/guides/how-to-upscale-images,2026-07-06
https://myimageupscaler.com/pt/format-scale/webp-upscale-8x,2026-07-06
https://myimageupscaler.com/it/format-scale/webp-upscale-8x,2026-07-06
https://myimageupscaler.com/es/scale/upscale-to-4k,2026-07-05
https://myimageupscaler.com/it/guides/heic-format-guide,2026-07-05
https://myimageupscaler.com/ja/scale/upscale-to-4k,2026-07-05
https://myimageupscaler.com/pt/platform-format/lightroom-upscaler-avif,2026-07-05
https://myimageupscaler.com/de/guides/how-to-upscale-images,2026-07-05
https://myimageupscaler.com/ja/guides/heic-format-guide,2026-07-03
https://myimageupscaler.com/it/scale/upscale-to-4k,2026-07-02
https://myimageupscaler.com/fr/scale/upscale-to-4k,2026-06-29
https://myimageupscaler.com/pt/scale/upscale-to-hd,2026-06-27
https://myimageupscaler.com/fr/scale/upscale-to-hd,2026-06-27
https://myimageupscaler.com/it/format-scale/webp-upscale-2x,2026-06-26
https://myimageupscaler.com/de/scale/upscale-to-hd,2026-06-26
https://myimageupscaler.com/ja/scale/upscale-to-hd,2026-06-26
https://myimageupscaler.com/it/scale/upscale-to-hd,2026-06-26
https://myimageupscaler.com/pt/format-scale/webp-upscale-2x,2026-06-23
https://myimageupscaler.com/pt/format-scale/heic-upscale-8x,2026-06-17
https://myimageupscaler.com/es/format-scale/heic-upscale-8x,2026-06-16
https://myimageupscaler.com/de/format-scale/heic-upscale-8x,2026-06-16
https://myimageupscaler.com/fr/format-scale/heic-upscale-8x,2026-06-16
https://myimageupscaler.com/it/device-use/mobile-web-graphics-upscaler,2026-06-14
https://myimageupscaler.com/de/platform-format/midjourney-upscaler-jpg,2026-06-14
https://myimageupscaler.com/ja/platform-format/midjourney-upscaler-jpg,2026-06-14
https://myimageupscaler.com/pt/scale/resolution-enhancer,2026-06-13
https://myimageupscaler.com/es/platform-format/canva-upscaler-tiff,2026-06-13
https://myimageupscaler.com/it/format-scale/bmp-upscale-4x,2026-06-12
https://myimageupscaler.com/de/format-scale/bmp-upscale-4x,2026-06-12
https://myimageupscaler.com/fr/format-scale/raw-upscale-2x,2026-06-11
https://myimageupscaler.com/it/format-scale/raw-upscale-2x,2026-06-11
https://myimageupscaler.com/es/format-scale/raw-upscale-8x,2026-06-07
https://myimageupscaler.com/it/format-scale/raw-upscale-8x,2026-06-07
https://myimageupscaler.com/pt/use-cases/ecommerce-product-photos,2026-06-05
https://myimageupscaler.com/de/format-scale/webp-upscale-2x,2026-06-01
https://myimageupscaler.com/fr/formats/upscale-png-images,2026-06-01
https://myimageupscaler.com/es/formats/upscale-png-images,2026-06-01
https://myimageupscaler.com/es/scale/image-upscaler-4k,2026-05-29
https://myimageupscaler.com/fr/scale/image-upscaler-4k,2026-05-29
https://myimageupscaler.com/de/scale/image-upscaler-4k,2026-05-29
https://myimageupscaler.com/ja/guides/avif-next-gen-format,2026-05-26
https://myimageupscaler.com/es/format-scale/raw-upscale-4x,2026-05-24
https://myimageupscaler.com/it/scale/pixel-boost-upscaler,2026-05-24
https://myimageupscaler.com/pt/format-scale/raw-upscale-4x,2026-05-23
https://myimageupscaler.com/pt/platform-format/midjourney-upscaler-png,2026-05-16
https://myimageupscaler.com/fr/formats/upscale-bmp-images,2026-05-16
https://myimageupscaler.com/es/platform-format/lightroom-upscaler-bmp,2026-05-16
https://myimageupscaler.com/es/format-scale/heic-upscale-16x,2026-05-16
https://myimageupscaler.com/de/platform-format/photoshop-upscaler-webp,2026-05-15
https://myimageupscaler.com/pt/format-scale/heic-upscale-16x,2026-05-15
https://myimageupscaler.com/it/format-scale/png-upscale-8x,2026-05-15
https://myimageupscaler.com/fr/format-scale/heic-upscale-16x,2026-05-15
https://myimageupscaler.com/de/scale/resolution-enhancer,2026-05-14
https://myimageupscaler.com/it/formats/upscale-gif-images,2026-05-14
https://myimageupscaler.com/pt/platform-format/stable-diffusion-upscaler-jpg,2026-05-11
https://myimageupscaler.com/de/use-cases/ecommerce-product-photos,2026-05-11
https://myimageupscaler.com/es/format-scale/gif-upscale-16x,2026-05-07
https://myimageupscaler.com/it/format-scale/gif-upscale-16x,2026-05-06
https://myimageupscaler.com/fr/format-scale/gif-upscale-16x,2026-05-06
https://myimageupscaler.com/pt/format-scale/jpeg-upscale-4x,2026-05-06
https://myimageupscaler.com/pt/scale/upscale-to-4k,2026-05-05
https://myimageupscaler.com/es/format-scale/webp-upscale-2x,2026-05-04
https://myimageupscaler.com/de/use-cases/real-estate-photo-enhancement,2026-05-04
https://myimageupscaler.com/it/formats/upscale-tiff-images,2026-05-03
https://myimageupscaler.com/es/scale/pixel-boost-upscaler,2026-05-03
https://myimageupscaler.com/fr/scale/pixel-boost-upscaler,2026-05-02
https://myimageupscaler.com/pt/scale/pixel-boost-upscaler,2026-05-02
https://myimageupscaler.com/de/scale/pixel-boost-upscaler,2026-05-01
https://myimageupscaler.com/ja/guides/how-to-upscale-images,2026-05-01
https://myimageupscaler.com/de/scale/upscale-16x,2026-05-01
https://myimageupscaler.com/es/device-use/mobile-ecommerce-upscaler,2026-04-30
https://myimageupscaler.com/ja/formats/upscale-bmp-images,2026-04-29
https://myimageupscaler.com/es/guides/webp-format-guide,2026-04-29
https://myimageupscaler.com/ja/scale/image-upscaler-4k,2026-04-28
https://myimageupscaler.com/es/guides/svg-vector-guide,2026-04-26
https://myimageupscaler.com/pt/platform-format/photoshop-upscaler-heic,2026-04-26
https://myimageupscaler.com/pt/format-scale/jpeg-upscale-8x,2026-04-22
https://myimageupscaler.com/pt/format-scale/tiff-upscale-8x,2026-04-13
https://myimageupscaler.com/fr/format-scale/avif-upscale-4x,2026-04-12
https://myimageupscaler.com/fr/scale/upscale-to-1080p,2026-04-12
https://myimageupscaler.com/es/format-scale/tiff-upscale-8x,2026-04-11
https://myimageupscaler.com/de/format-scale/avif-upscale-2x,2026-04-10
https://myimageupscaler.com/ja/scale/ultra-hd-upscaler,2026-04-10
https://myimageupscaler.com/es/tools/photo-quality-enhancer,2026-04-10
https://myimageupscaler.com/fr/format-scale/jpeg-upscale-4x,2026-04-10
https://myimageupscaler.com/fr/format-scale/png-upscale-8x,2026-04-10
https://myimageupscaler.com/de/platform-format/stable-diffusion-upscaler-avif,2026-04-04
https://myimageupscaler.com/de/guides/raw-photography-guide,2026-04-04
https://myimageupscaler.com/ja/free/free-ai-upscaler,2026-04-04
https://myimageupscaler.com/de/use-cases/amazon-product-photos,2026-04-03
https://myimageupscaler.com/fr/formats/upscale-webp-images,2026-04-03
https://myimageupscaler.com/it/tools/avif-to-jpg,2026-04-02
https://myimageupscaler.com/ja/tools/avif-to-jpg,2026-04-02
https://myimageupscaler.com/pt/tools/avif-to-jpg,2026-04-01
https://myimageupscaler.com/ja/tools/ai-background-remover,2026-03-30
https://myimageupscaler.com/pt/scale/ai-upscaler-2x,2026-03-30
https://myimageupscaler.com/es/scale/ai-upscaler-2x,2026-03-28
https://myimageupscaler.com/fr/format-scale/raw-upscale-8x,2026-03-27
https://myimageupscaler.com/pt/format-scale/avif-upscale-4x,2026-03-27
https://myimageupscaler.com/it/guides/svg-vector-guide,2026-03-18
https://myimageupscaler.com/es/format-scale/tiff-upscale-16x,2026-03-17
https://myimageupscaler.com/es/platform-format/dalle-upscaler-raw,2026-03-16
https://myimageupscaler.com/de/platform-format/dalle-upscaler-jpg,2026-03-16
https://myimageupscaler.com/pt/format-scale/raw-upscale-8x,2026-03-15
https://myimageupscaler.com/it/scale/upscale-8x,2026-03-15
https://myimageupscaler.com/es/free/free-background-remover,2026-03-15
https://myimageupscaler.com/pt/platform-format/dalle-upscaler-bmp,2026-03-15
https://myimageupscaler.com/pt/scale/hd-upscaler,2026-03-15
https://myimageupscaler.com/es/scale/hd-upscaler,2026-03-07
https://myimageupscaler.com/de/scale/upscale-8x,2026-03-07
https://myimageupscaler.com/es/platform-format/canva-upscaler-bmp,2026-03-07
https://myimageupscaler.com/fr/format-scale/heic-upscale-2x,2026-03-05
https://myimageupscaler.com/de/format-scale/heic-upscale-16x,2026-03-04
https://myimageupscaler.com/es/formats/upscale-webp-images,2026-03-03
https://myimageupscaler.com/es/format-scale/png-upscale-16x,2026-03-02
https://myimageupscaler.com/de/format-scale/avif-upscale-4x,2026-02-23
